index,pred_proba_success,pred_label_default_0_5,pred_label_tuned,perfume,brand
5815,0.16926714019914282,0,0,l-oud,collistar
19940,0.8758534557523439,1,1,macassar,rochas
3233,0.18930077031767042,0,0,angel-betty,betty-boop
12849,0.31904287014255217,0,0,onde-sensuelle,l-artisan-parfumeur
1009,0.23504200360254268,0,0,vanilla,alyssa-ashley
11309,0.09938974901517963,0,0,honey-lemon,j-scent
13868,0.281452188109407,0,0,vanille-pamplemousse,laurence-dumont
19787,0.1803450607601841,0,0,lights,roads
10425,0.13614487322133026,0,0,honeyed-tobacco-oud,habibi-ny
3422,0.21758884316995838,0,0,back-to-paradise,boadicea-the-victorious
1493,0.23605259929135955,0,0,midnight-sun,aqaba
17536,0.607317132524746,1,1,matcha,o-boticario
19919,0.2910248199850364,0,0,eau-de-rochas-escapade-en-mediterranee,rochas
4745,0.6687092123145939,1,1,euphoria-gold,calvin-klein
12262,0.3527946965688484,0,0,viva-la-juicy-luxe-parfum,juicy-couture
7447,0.7531122357397075,1,1,arden-beauty,elizabeth-arden
9099,0.25886363184209066,0,0,ma-faute,galimard
1765,0.18780887826564277,0,0,high-street,armaf
943,0.24321619836359024,0,0,valensole-lavender,alfred-dunhill
20769,0.11492830266524912,0,0,lime-sands,skylar
3125,0.5592848525339813,1,1,b-united-jeans-woman,benetton
19237,0.29545627010724296,0,0,tendre-reverence,princesse-marina-de-bourbon
21931,0.7080807378643963,1,1,tous,tous
12034,0.3232207411344808,0,0,rose-blush-cologne,jo-malone-london
20616,0.41777816660226774,0,1,la-volee,sergio-tacchini
13443,0.12785537552035386,0,0,sunrise,lancaster
13259,0.349631527764104,0,0,daimiris,laboratorio-olfattivo
11771,0.4682760675976608,0,1,sexy-chamallow,jeanne-arthes
2812,0.7590613568121894,1,1,onyx,azzaro
3316,0.2759825164930031,0,0,dna-femme,bijan
15609,0.20188682690987417,0,0,139-spice,michael-malul-london
23053,0.7763976086818737,1,1,body-kouros,yves-saint-laurent
9791,0.15396257432752372,0,0,folha-de-laranjeira,granado
15771,0.2052909896839087,0,0,poker,milton-lloyd
4438,0.35498142313479425,0,0,gypsy-water-eau-de-cologne,byredo
18789,0.5682123970648463,1,1,tubereuse-absolue,perris-monte-carlo
6952,0.3272337215256914,0,0,orange,dolce-gabbana
18151,0.8445181113279051,1,1,oscar-de-la-renta-pour-lui,oscar-de-la-renta
17201,0.6557729612686338,1,1,levante,nobile-1942
9254,0.2689643144147516,0,0,back-to-musk,giardino-benessere
6307,0.19397079618886073,0,0,tabu-segredos,dana
5214,0.31160951175700763,0,0,sensational-luxe-blossom,celine-dion
7337,0.6773397655976848,1,1,back-to-paris,eisenberg
8971,0.15906379368504497,0,0,blue,fruits-passion
52,0.11911052441383502,0,0,chinotto-dark,abaton
22800,0.3755232017462821,0,0,java-blossom,xerjoff
11920,0.6691772466152147,1,1,jimmy-choo,jimmy-choo
8576,0.15586142780823467,0,0,umami,florascent
199,0.5589612781977749,1,1,colonia-quercia,acqua-di-parma
20617,0.33662513106461067,0,0,o-zone-green-wave,sergio-tacchini
21501,0.13837745956312536,0,0,gardenia,theodoros-kalotinis
19281,0.25564255046012385,0,0,flowing-man,puma
17849,0.12701688558727095,0,0,glacier-fire,oriflame
16045,0.7660440641847392,1,1,quartz,molyneux
19498,0.518181751701076,1,1,al-wisam-day,rasasi
21933,0.2940345263671536,0,0,tous-in-heaven-her,tous
11709,0.23387560705716487,0,0,boum-savon,jeanne-arthes
4372,0.2945408121732337,0,0,sophie-matisse-art-edition-good-girl-gone-bad-splash-of-neroli,by-kilian
1642,0.06409466210886584,0,0,ambre-de-coco,areej-le-dore
7584,0.4060040658768415,0,1,apparition-homme-intense,emanuel-ungaro
21150,0.34861141448750865,0,0,oud-blanc,ted-lapidus
516,0.1477838664325132,0,0,no-10-white-oud,agonist
8845,0.25213693153618244,0,0,musc,franck-boclet
18558,0.19429266541829476,0,0,vodka-limited-edition,paris-elysees
8292,0.13152394968462353,0,0,cocktail-story,faberlic
7915,0.8854077662682537,1,1,azuree,estee-lauder
7542,0.15501202763841979,0,0,yujin-feroce,ella-mikao
11661,0.30813437007177796,0,0,le-male-summer-2011,jean-paul-gaultier
4504,0.41173913108677096,0,1,amor-amor-summer-2011,cacharel
8407,0.12462660195829746,0,0,fcuk-connect-her,fcuk
21719,0.5727086749879934,1,1,grey-vetiver-parfum,tom-ford
10162,0.44878466668371647,0,1,l-ame-d-un-heros,guerlain
13195,0.3266878483501805,0,0,eternal-kiss,la-rive
23411,0.13554325322250588,0,0,frayed-edge,zara
21945,0.17991980510071523,0,0,your-moments,tous
19869,0.723539506798328,1,1,roberto-cavalli-uomo-silver-essence,roberto-cavalli
5864,0.2658581385319291,0,0,zero,comme-des-garcons
3673,0.32508524303614006,0,0,i-love-new-york-for-holidays,bond-no-9
4347,0.7613316732674186,1,1,let-s-settle-this-argument-like-adults-in-the-bedroom-naked,by-kilian
7524,0.8289001692976318,1,1,passion-for-men,elizabeth-taylor
18600,0.38196179281879095,0,0,grey-quartz,pascal-morabito
8113,0.27909983954833356,0,0,eudora-royal,eudora
22621,0.1830674107979831,0,0,addiction-absolu,vivamor-parfums
1483,0.2734214705653113,0,0,temps-d-hiver,antonio-visconti
3876,0.39118936715080455,0,1,clin-d-oeil-cosmic-girl,bourjois
22598,0.25128154340778375,0,0,stockholm-1978,vilhelm-parfumerie
5533,0.6066388385247916,1,1,ed-hardy-born-wild-for-women,christian-audigier
13710,0.6449741339151833,1,1,liam,lattafa-perfumes
11674,0.4575844847613765,0,1,ma-dame-it,jean-paul-gaultier
5653,0.24109291848008657,0,0,clean-summer-sailing,clean
1880,0.11648520934676544,0,0,blueberry-morning,aromas-de-salazar
6428,0.21593781832558284,0,0,cool-water-woman-wave,davidoff
21714,0.627390442669083,1,1,fougere-d-argent,tom-ford
15224,0.27700918029067584,0,0,authentic-hero,mary-kay
23293,0.37756901400046694,0,0,a-sweet-pastry-in-paris,zara
22953,0.7595981062268369,1,1,comme-une-evidence-le-parfum,yves-rocher
17914,0.29426388404505266,0,0,moon-original,oriflame
10933,0.25086694913664404,0,0,boss-jour-pour-femme-lumineuse,hugo-boss
14856,0.16000707867141753,0,0,wood-by-maissa,maissa-parfums
503,0.43292840815930805,0,1,maitresse-eau-provocateur,agent-provocateur
8589,0.17269935045007553,0,0,chypress,floris
19580,0.5692413276422361,1,1,romance,rasasi
6355,0.6262124767514153,1,1,intimately-beckham,david-beckham
12494,0.45160964932363773,0,1,mankind-hero,kenneth-cole
14667,0.132837771235041,0,0,lady-danger,mac
22334,0.18128516117990637,0,0,auramber,vertus
5135,0.32808032946690785,0,0,carven-l-absolu,carven
14918,0.6702449551416373,1,1,aoud-vanille,mancera
7175,0.27640661475979694,0,0,cimabue-italian-journey-no-8,dsh-perfumes
1474,0.25601614741877005,0,0,fleur-de-lys,antonio-visconti
5589,0.6656487466775127,1,1,unforgettable,christina-aguilera
18226,0.2615596276596588,0,0,black-xs-los-angeles-for-him,paco-rabanne
10113,0.6575676696760318,1,1,guerlain-homme-eau-de-parfum-2016,guerlain
19448,0.14578649266252092,0,0,ten-fresh-notes,ramon-monegal
22165,0.7204009168096253,1,1,very-valentino,valentino
13761,0.6724444684789652,1,1,raghba-for-men,lattafa-perfumes
2061,0.1769657081930127,0,0,my-fair-lily,atkinsons
16922,0.163649124961809,0,0,minajesty-exotic-edition,nicki-minaj
2710,0.39554097222555884,0,1,viva-by-fergie,avon
2412,0.14414334465050568,0,0,individual-blue-free,avon
18938,0.5502817673673421,1,1,vanilla-skin,phlur
13967,0.20785673421709197,0,0,tubereuse-40-new-york,le-labo
12374,0.34841655249918896,0,0,kajal-eau-de-parfum,kajal
4420,0.28139319773723587,0,0,belle-de-tanger,byredo
1114,0.6809966549807969,1,1,reflection-man,amouage
12268,0.2344826425928827,0,0,viva-la-juicy-pink-couture,juicy-couture
21922,0.2122413623083234,0,0,more-more-pink,tous
9252,0.2388889055709323,0,0,arge,giardino-benessere
5339,0.7780080090419443,1,1,cristalle-eau-de-parfum,chanel
9426,0.2504460245251484,0,0,noir-kogane,giorgio-armani
7467,0.6631199644462582,1,1,green-tea-mimosa,elizabeth-arden
23063,0.6081656117919565,1,1,elle,yves-saint-laurent
2579,0.27731021232621583,0,0,sandalo-fresh,avon
22949,0.6961256729934927,1,1,comme-une-evidence-l-eau,yves-rocher
8465,0.6343935613357321,1,1,scuderia-ferrari-forte,ferrari
18348,0.6609734856210363,1,1,iskander,parfum-d-empire
15249,0.2925115655576708,0,0,modern-charm-glam,mary-kay
10408,0.25840604552555435,0,0,h-m-comoro-ylang,h-m
9085,0.2863804376214674,0,0,aventure,galimard
4977,0.7334509856966107,1,1,aimez-moi-comme-je-suis,caron
14677,0.09931810288482891,0,0,aventure,mahogany
3921,0.3278023172363434,0,0,rosa-gallica,brecourt
17117,0.5068312826677565,1,1,nina-soleil,nina-ricci
18000,0.23731168105823083,0,0,very-me-spring-tenderness,oriflame
2020,0.5035094850231779,1,1,poivre-pomelo,atelier-materi
9800,0.12256125518914772,0,0,lavanda,granado
21611,0.7215165597498772,1,1,chimaera,tiziana-terenzi
19833,0.7307110001810148,1,1,yendi,roberto-capucci
11428,0.15418644452987204,0,0,navigo-homme,jafra
6501,0.12781961019606794,0,0,fresh-bloom,desigual
15612,0.32826402742814337,0,0,173-candy,michael-malul-london
19284,0.21649519651972782,0,0,jam-woman,puma
5792,0.2829781427947391,0,0,coach-leatherware-no-03,coach
16205,0.7261914267731636,1,1,femme-de-montblanc,montblanc
9888,0.25241218374204205,0,0,jacqueline,gritti
23334,0.17117968828421606,0,0,brulante-violette,zara
11400,0.2665714710582522,0,0,yang,jacques-fath
5853,0.2974272657795873,0,0,erl-sunscreen,comme-des-garcons
3509,0.27099730790955756,0,0,torero,boadicea-the-victorious
14913,0.7509831929824424,1,1,aoud-lemon-mint,mancera
2789,0.3596851846924413,0,0,blue-charm,azzaro
18618,0.24034325608772122,0,0,resiste,pascal-morabito
19244,0.30929975286775346,0,0,150-parfum,profumi-del-forte
2766,0.5326364083345486,1,1,azzaro-club-men,azzaro
17051,0.8530801960023301,1,1,farouche,nina-ricci
14844,0.1624853343039162,0,0,destin-des-anges,maissa-parfums
18319,0.1685226675326445,0,0,patchouli-figue,panouge
4794,0.31268412927233064,0,0,besos,carner-barcelona
6239,0.23984117880130373,0,0,neroli-cologne,czech-speake
3643,0.739155025477219,1,1,coney-island,bond-no-9
423,0.26156185560494744,0,0,ornament-pour-femme,afnan
4400,0.4775032650100318,0,1,terra,byblos
15024,0.16433125749546387,0,0,methexis,manos-gerakinis
9994,0.7941167300715328,1,1,gucci-pour-homme-ii,gucci
16392,0.7178600573168374,1,1,angel-les-parfums-de-cuir,mugler
1427,0.18483596114793024,0,0,queen-of-seduction-lively-muse,antonio-banderas
7997,0.45759760843263353,0,1,sensuous-nude-eau-de-toilette,estee-lauder
21648,0.6813148149543462,1,1,siene,tiziana-terenzi
18253,0.2554661911834063,0,0,lady-million-absolutely-gold,paco-rabanne
1192,0.178001527238073,0,0,perfumista,anatole-lebreton
5754,0.22057627790022694,0,0,l-for-women-floral-chypre-with-rich-patchouli,clive-christian
13604,0.665208879429534,1,1,lanvin-me,lanvin
2904,0.5783043125531523,1,1,banana-republic-w,banana-republic
23377,0.33485931031623345,0,0,elevated-oud,zara
13671,0.6155775555834125,1,1,bade-e-al-oud-sublime,lattafa-perfumes
9698,0.38230724105183606,0,0,very-irresistible-summer-sorbet,givenchy
13078,0.47947986149354554,0,1,the-vert-bigarade,l-occitane-en-provence
13915,0.48493439702823743,0,1,blue-laverne,laverne
6052,0.33009221784586973,0,0,route-66,coty
15565,0.17726439154308704,0,0,exotic-blossom,michael-kors
3222,0.17152380535131728,0,0,oriental-bloom-eau-de-toilette,betty-barclay
16671,0.46798445539635175,0,1,humor-1,natura
20708,0.31018940826214164,0,0,zen-concentrated,shiseido
20005,0.5468526260497566,1,1,51-pour-femme-essence-de-parfum,roja-dove
5098,0.5069127617488127,1,1,eau-de-cartier-essence-d-orange,cartier
1147,0.25127112478328467,0,0,oud-after-dark,amouroud
19761,0.082422672643639,0,0,al-misk,ricardo-ramos-perfumes-de-autor
14733,0.2699301648410169,0,0,baroque-rouge-540,maison-alhambra
5658,0.6167166925328817,1,1,cool-cotton,clean
9742,0.42672184439248334,0,1,hadrien-absolu,goutal
22772,0.7420635544174056,1,1,dolce-amalfi,xerjoff
6137,0.7001276886935454,1,1,fleurs-de-bulgarie,creed
5252,0.7037695601159146,1,1,nino-cerruti-pour-femme,cerruti
21805,0.628913474854078,1,1,st-barts-men,tommy-bahama
16951,0.32160898847634556,0,0,jardin-secret,nicolai-parfumeur-createur
221,0.4353728100986935,0,1,oud-spice,acqua-di-parma
9687,0.3132780351959525,0,0,very-irresistible-eau-d-ete-summer-fragrance,givenchy
1554,0.11798912178926178,0,0,kashkha-7,arabian-oud
10718,0.15183925318966732,0,0,lattitude-stamina,hinode
20800,0.18175987854557052,0,0,oudh-lacquer,soivohle
21122,0.20862576598393553,0,0,skinwear,ted-baker
15241,0.2607153810916547,0,0,illuminea,mary-kay
1747,0.36383265149703975,0,0,de-la-marque-rouge,armaf
17621,0.6806504071412676,1,1,zaad,o-boticario
9872,0.3137025813242696,0,0,antalya,gritti
16647,0.24705181906084286,0,0,gen,natura
20096,0.7631331114276235,1,1,reckless-pour-homme,roja-dove
13066,0.3546847652887678,0,0,rose-osmanthus,l-occitane-en-provence
4152,0.5918535646264459,1,1,burberry-her-elixir-de-parfum,burberry
2152,0.16233110264734793,0,0,ozara,avatim
7911,0.41499623732395274,0,1,adventurous,estee-lauder
19979,0.46493303740415515,0,1,fleurs-d-amour,roger-gallet
15380,0.11267760345761843,0,0,beige,max-philip
4704,0.1781902043409346,0,0,eternity-for-men-summer-2016,calvin-klein
14372,0.17543887326109253,0,0,le-lilas,louis-feraud
13059,0.41191841986377703,0,1,rose-calisson,l-occitane-en-provence
14770,0.5144397674656803,1,1,reyna,maison-alhambra
2361,0.1960102196597855,0,0,florissima,avon
3277,0.15999354468459212,0,0,oshi,bi-es
21398,0.28295065905510675,0,0,cypress-shade,the-house-of-oud
19270,0.2016352481289106,0,0,samarinda,providence-perfume-co
6237,0.227246841530755,0,0,frankincense-and-myrrh-cologne,czech-speake
23754,0.5131852610049786,1,1,zara-rose,zara
9279,0.15444967075054117,0,0,iris-poetico,giardino-dei-sensi
10662,0.2402620761226806,0,0,terre-d-hermes-flacon-h-2014,hermes
23239,0.30094177114433035,0,0,this-is-love-for-him,zadig-voltaire
18417,0.680187885133089,1,1,kalan,parfums-de-marly
22324,0.24324592954126004,0,0,pour-toi,verset-parfums
12528,0.39165950510132946,0,1,flower-by-kenzo-20th-anniversary-edition,kenzo
14959,0.3155067910688323,0,0,of-the-wild,mancera
22368,0.2057013510511388,0,0,bombshell-escape,victoria-s-secret
11293,0.7398405107344821,1,1,nuit-d-issey-noir-argent,issey-miyake
18831,0.3682836270070245,0,0,portfolio-elite-for-men,perry-ellis
9334,0.5855568448102892,1,1,armani-code-sport-edition-2016,giorgio-armani
8819,0.3126376486873221,0,0,ashes,franck-boclet
12952,0.1259068568064919,0,0,compotas-corporais-coco,l-occitane-au-bresil
19765,0.09298660243634742,0,0,sacromonte,ricardo-ramos-perfumes-de-autor
1599,0.6888374472818127,1,1,havana-pour-elle,aramis
23041,0.8010831811381068,1,1,black-opium-illicit-green,yves-saint-laurent
14151,0.2699531417219709,0,0,curve-sport,liz-claiborne
21666,0.15223309544555616,0,0,belle,tocca
9072,0.20404326101531958,0,0,be-sparkling,gai-mattiolo
14639,0.2779425488073522,0,0,sensual,m-micallef
12196,0.2243816023355381,0,0,tropical-musk-for-him,jovan
8439,0.09443303296866666,0,0,miss-fenjal-classic,fenjal
12731,0.16713548137959516,0,0,amethyst-oud,korres
8492,0.4113518363422152,0,1,ennui-noir,filippo-sorcinelli
11037,0.27964702912907663,0,0,fluid-woman,iceberg
14836,0.6470943795628867,1,1,under-the-lemon-tree,maison-martin-margiela
8642,0.4249319505522262,0,1,belle-cherie,fragonard
5312,0.7199299856334996,1,1,chanel-no-5-eau-de-cologne,chanel
20459,0.304157887230386,0,0,frangipane,santa-maria-novella
20379,0.3790605610515643,0,0,incanto-pour-homme,salvatore-ferragamo
2404,0.3917605218159398,0,1,incandessence,avon
21984,0.35758649651704055,0,0,the-paintings-of-palazzo-reale,trussardi
14097,0.12084145910767362,0,0,lilice,lesquendieu
22461,0.23426751026671008,0,0,very-sexy-temptation,victoria-s-secret
16130,0.7904429198034921,1,1,dark-purple,montale
15044,0.16696310240071666,0,0,marbert-woman-red,marbert
2518,0.16554410108573708,0,0,peace-love-attitude,avon
447,0.5368124857276103,1,1,turathi-brown,afnan
17166,0.629875349247353,1,1,shem,nishane
5187,0.12390363123914261,0,0,ros,caswell-massey
5038,0.6367916588590079,1,1,rose-ebene-2021,caron
649,0.2222956648031306,0,0,amber-oud-carbon-edition,al-haramain-perfumes
18382,0.2884013751546366,0,0,peng-lai,parfums-berdoues
23492,0.30477708907701684,0,0,midnight-hour,zara
9430,0.41925267710094827,0,1,onde-vertige,giorgio-armani
501,0.2644520867895326,0,0,l-agent-eau-provocateur,agent-provocateur
21963,0.6566976023166896,1,1,i-vicoli-via-fiori-chiari,trussardi
16475,0.7377689275144735,1,1,cat-deluxe,naomi-campbell
8541,0.22566928415376467,0,0,cherry-lust,flavia
1056,0.8340977382726363,1,1,dia-woman,amouage
6580,0.18366397266591591,0,0,dilis-classic-collection-no-16,dilis-parfum
19733,0.23696756419990764,0,0,charlie-sunshine,revlon
16761,0.36845982363314234,0,0,musc-sandalo,natura
6497,0.12472734265855931,0,0,wild,denim
13138,0.3629675626889345,0,0,divina-eau-de-parfum,la-perla
17176,0.38604971085243717,0,0,vjola,nishane
21489,0.141743547377141,0,0,north-star,the-woods-collection
22004,0.7243765808405451,1,1,trussardi-jeans,trussardi
8826,0.26453185429130716,0,0,chypre,franck-boclet
12590,0.7561584180121824,1,1,l-eau-2-kenzo-pour-homme,kenzo
13684,0.6336332638765813,1,1,fakhar-black,lattafa-perfumes
1940,0.6614138315174123,1,1,bergamote-soleil,atelier-cologne
9963,0.36019277960302154,0,0,gucci-flora-by-gucci-anniversary-edition,gucci
22193,0.8664218643873858,1,1,midnight-in-paris,van-cleef-arpels
16123,0.43813467890062535,0,1,bengal-oud,montale
13590,0.33503456975459145,0,0,eclat-d-arpege-summer-2007,lanvin
21477,0.23353344846392915,0,0,oud,the-spirit-of-dubai
210,0.2738593511456278,0,0,mandarino-di-sicilia,acqua-di-parma
22832,0.46322053801870244,0,1,pikovaya-dama-2018,xerjoff
16118,0.5195948344156579,1,1,aqua-gold,montale
8350,0.09336499919326424,0,0,shanti,faberlic
22557,0.4126540113037341,0,1,good-fortune-elixir-intense,viktor-rolf
23200,0.48602856928263144,0,1,trench,yves-saint-laurent
4788,0.17437781463210233,0,0,315,carlo-corinto
4265,0.5459609083649205,1,1,jasmin-noir-l-elixir-eau-de-parfum,bvlgari
20860,0.2764109106004435,0,0,basso,sospiro-perfumes
21832,0.6301788127435182,1,1,impact-intense,tommy-hilfiger
21635,0.3248286409866276,0,0,lucenera,tiziana-terenzi
8054,0.6558282914102034,1,1,manrose,etro
21374,0.13479640867055706,0,0,cuir-de-africano,the-dua-brand
11499,0.2526144791955328,0,0,tentation-dentelle,jardin-de-france
21791,0.13826865262857013,0,0,urban-life-man,tom-tailor
18298,0.5353691998796279,1,1,ultraviolet-metal-beach,paco-rabanne
22203,0.20292093028262187,0,0,patchouli-blanc,van-cleef-arpels
16750,0.23978594202525955,0,0,luna-rubi,natura
13487,0.6772830765076514,1,1,la-nuit-tresor-caresse,lancome
22246,0.2868670200462909,0,0,vera-wang-anniversary,vera-wang
2195,0.3256920151896896,0,0,aromadisiac-for-him,avon
10957,0.5554960682797397,1,1,boss-the-scent-for-her,hugo-boss
10319,0.7609502151016617,1,1,shalimar-parfum-initial,guerlain
3486,0.2531042926615389,0,0,oxford,boadicea-the-victorious
14409,0.13972084542767613,0,0,ambre-luxure,lpdo
19755,0.17781364699355648,0,0,insurrection-ii-sport,reyane-tradition
16477,0.2615715975763103,0,0,cat-deluxe-silver,naomi-campbell
20989,0.23922595795076446,0,0,aura-swarovski-eau-de-toilette,swarovski
10841,0.19336246391939993,0,0,l-arrivee,house-of-matriarch
5115,0.42542247977054837,0,1,le-baiser-du-dragon-eau-de-toilette,cartier
4148,0.6465883336084438,1,1,burberry-brit-summer-for-women,burberry
9392,0.671580564068885,1,1,emporio-armani-red-pour-elle-white,giorgio-armani
8758,0.6984068832259689,1,1,oud-vert-intense,fragrance-du-bois
22626,0.22276369347296243,0,0,choco-exclusif,vivamor-parfums
20856,0.18595853682619234,0,0,accento-viola,sospiro-perfumes
4275,0.38725931781659334,0,0,nylaia,bvlgari
2055,0.5788009054685639,1,1,gold-fair-in-mayfair,atkinsons
10935,0.6105220327794102,1,1,boss-ma-vie-pour-femme,hugo-boss
6626,0.363832427985962,0,0,dior-addict-2-summer-peonies,dior
4285,0.4830899861016226,0,1,omnia-paraiba,bvlgari
16971,0.35810703202505173,0,0,patchouli-homme,nicolai-parfumeur-createur
17351,0.4884195464216816,0,1,crazy-feelings,o-boticario
16864,0.3219991438959521,0,0,mahni-cassonade,navitus-parfums
20313,0.30760004384597606,0,0,little-kiss-me,salvador-dali
14941,0.7996678402291147,1,1,gold-incense,mancera
20853,0.1946684923984652,0,0,equestrian,sonoma-scent-studio
8079,0.23227966624760166,0,0,althea,eudora
21973,0.7701329060668711,1,1,python,trussardi
14403,0.6213843204087334,1,1,pacific-chill,louis-vuitton
11500,0.13371253072435357,0,0,terre-initiale,jardin-de-france
12692,0.2278688328142278,0,0,rare-fig,kkw-fragrance
4739,0.2372957766247886,0,0,euphoria-blush,calvin-klein
11783,0.421272192484694,0,1,sultane-parfum-fatal,jeanne-arthes
15142,0.24150224738457723,0,0,perfect-charm-the-collector-edition,marc-jacobs
15798,0.1112446819052446,0,0,pure-heart,min-new-york
18796,0.38261948285136194,0,0,18,perry-ellis
11067,0.324764599192989,0,0,elixir-de-mimosa,id-parfums
7841,0.07448861241550632,0,0,leyenda,esika
14957,0.35893870839650516,0,0,musk-of-flowers,mancera
681,0.25217141513738184,0,0,haramain-signature-blue,al-haramain-perfumes
22117,0.2568782122435682,0,0,sigismondo,v-canto
12749,0.18340218926334825,0,0,kyma,korres
10898,0.3799038972629342,0,0,boss-alive-intense,hugo-boss
1527,0.18312486311510823,0,0,safari,arabesque-perfumes
23221,0.5320094090254215,1,1,yvresse-eau-de-toilette-legere,yves-saint-laurent
5925,0.2707616057458672,0,0,mora-bella,comptoir-sud-pacifique
5352,0.6960494683117737,1,1,le-lion-eau-de-parfum,chanel
8274,0.1468969042775466,0,0,asterion,faberlic
23011,0.7814471455333641,1,1,so-elixir-eau-de-parfum,yves-rocher
16483,0.19884851516814586,0,0,here-to-stay,naomi-campbell
22696,0.30377000189738707,0,0,new-york,widian
1680,0.08594627478985092,0,0,russian-oud,areej-le-dore
16259,0.2320903057032021,0,0,sahara-blue,moresque
12279,0.5796142934267786,1,1,garuda,jul-et-mad-paris
20001,0.11342910688292461,0,0,a-oud-ancienne,rogue-perfumery
3806,0.2092659384094287,0,0,parco-palladiano-vii-lilla,bottega-veneta
18150,0.3258112976876458,0,0,oscar-citrus,oscar-de-la-renta
18547,0.445786710830647,0,1,pink-topaz,paris-elysees
4220,0.42921666956718685,0,1,astrea,bvlgari
7167,0.5832874741583045,1,1,rose-atlantic,ds-durga
10166,0.6507200048689207,1,1,l-heure-bleue-eau-de-toilette,guerlain
5407,0.1315606551680141,0,0,lamplight-penance,chatillon-lux-parfums
4596,0.11897920237828832,0,0,belle-icone,caline
9966,0.7434740707836046,1,1,gucci-guilty-absolute-pour-femme,gucci
23642,0.2365499303104347,0,0,ultra-juicy,zara
17437,0.2817112215478234,0,0,galbe,o-boticario
12534,0.5743138263914771,1,1,flower-by-kenzo-l-absolue,kenzo
1087,0.7873907702613511,1,1,lineage,amouage
23463,0.3949788146296143,0,1,lightly-bloom,zara
635,0.10077825452334252,0,0,irish-ferre,al-ambra
14540,0.5608491947953846,1,1,what-would-love-do,lush
15355,0.45826995267107284,0,1,mauboussin-pour-elle,mauboussin
6308,0.227690971999124,0,0,zig-zag,dana
14802,0.2734932522212228,0,0,aqua-vitae-cologne-forte,maison-francis-kurkdjian
10982,0.6434819587174307,1,1,hugo-extreme,hugo-boss
14413,0.13262210840267008,0,0,delire-rouge,lpdo
21827,0.4740226493511132,0,1,hilfiger-woman-candied-charms,tommy-hilfiger
7589,0.28173866184981256,0,0,cosmic,emanuel-ungaro
10876,0.3667559957208963,0,0,the-batman-vengeance,house-of-sillage
18107,0.24934816376328703,0,0,true-love,ormonde-jayne
960,0.1828429156685499,0,0,cuban-tobacco,alghabra-parfums
11909,0.2905947910596533,0,0,relax-eau-de-white-floral,jill-stuart
18853,0.18579737149646824,0,0,agua-de-peonia,phebo
7198,0.2920588718159654,0,0,potion-blue-cadet,dsquared2
14882,0.21294774341315126,0,0,jasmin,maitre-parfumeur-et-gantier
22474,0.618977698395199,1,1,xo-victoria,victoria-s-secret
23745,0.2644190865854518,0,0,zara-night-pour-homme-ii-sport,zara
13974,0.1777748943268408,0,0,creme-vanille,le-monde-gourmand
4540,0.3030757233317256,0,0,noa-summer-2012,cacharel
13729,0.2466228919081287,0,0,musk-candy-rose,lattafa-perfumes
9997,0.7806031144912725,1,1,gucci-rush,gucci
2145,0.11528816743658812,0,0,amau,avatim
21338,0.45755239704530304,0,1,zinzibar,the-body-shop
14898,0.25662939812274693,0,0,crazy-in-love,majouri
3919,0.2134012939964741,0,0,osmanthus-guilin,brecourt
19911,0.5986745727730045,1,1,byzance-2019,rochas
15509,0.22509611421861053,0,0,pure-woody-by-harry-fremont,mercedes-benz
3398,0.3351853785925548,0,0,kiss-me-on-the-lips,blumarine
23474,0.3335246751954362,0,0,lth-03-know-the-leather,zara
7473,0.27027542875326205,0,0,green-tea-summer,elizabeth-arden
11233,0.25089333276837456,0,0,l-eau-d-issey-pivoine,issey-miyake
13252,0.21062245484017422,0,0,wave-of-love,la-rive
7613,0.24109051830660203,0,0,l-amour-fou-eau-de-toilette,emanuel-ungaro
12770,0.3351074363157855,0,0,tolmis,korres
1812,0.2192827333854709,0,0,sapphire,armaf
1202,0.1950939455486788,0,0,sardonyx-fire,and-other-stories
16568,0.22927915079423472,0,0,banho-de-lavanda,natura
19597,0.24116431592844934,0,0,shuhrah-pour-femme,rasasi
15119,0.7049169846631673,1,1,dot,marc-jacobs
3470,0.24813634042251645,0,0,king-s-road,boadicea-the-victorious
23229,0.6064019614515928,1,1,this-is-her,zadig-voltaire
20759,0.13818576936470506,0,0,six-scents-series-three-5-n-hoolywood-087,six-scents
15196,0.3261357806267176,0,0,sounds-visions,mark-buxton
2748,0.18391429679147978,0,0,axis-red-caviar,axis
2004,0.2053834218589794,0,0,eau-d-aviateur,atelier-flou
12431,0.6070233812354853,1,1,live-colorfully,kate-spade
19845,0.6548629253566638,1,1,just-cavalli-i-love-her,roberto-cavalli
10687,0.14049384498829215,0,0,ice-land,herve-gambs-paris
18909,0.20671310274520824,0,0,amazing-grace-magnolia,philosophy
17436,0.6220467855739477,1,1,free-hugs,o-boticario
7914,0.5279303541330862,1,1,amber-ylang-ylang-parfum,estee-lauder
5456,0.6605083418602412,1,1,nomade-absolu-de-parfum,chloe
15555,0.22766015750924617,0,0,mexx-xx-nice,mexx
16273,0.18755099148396237,0,0,love-love-de-toi-glossy,morgan
134,0.22980226990656177,0,0,idillio,acca-kappa
18346,0.7244431491808404,1,1,fougere-bengale,parfum-d-empire
6812,0.5074851855939381,1,1,eau-d-elide,diptyque
22427,0.523720342392332,1,1,pink-all-my-heart,victoria-s-secret
9796,0.13966522962851063,0,0,geranio-grapefruit,granado
8810,0.1935966441527454,0,0,there-s-a-place,francesca-dell-oro
8366,0.20508967585662843,0,0,zahrat-el-sahraa,faberlic
280,0.29528883689080154,0,0,adidas-woman-citrus-energy,adidas
17164,0.685003405517274,1,1,safran-colognise,nishane
23574,0.18687261439105277,0,0,royal-freesia,zara
1580,0.19584384927704485,0,0,devil-s-island,arabian-wind
18002,0.293059611642849,0,0,vip-night,oriflame
15401,0.3987975226152315,0,1,cuir-cavalier,mdci-parfums
22471,0.3357500797364373,0,0,vs-him-deepwater,victoria-s-secret
16088,0.20840674568961784,0,0,monoi,monotheme-venezia
14525,0.2340756690078989,0,0,guardian-of-the-forest,lush
15225,0.2291462360266134,0,0,authentic-hero-style,mary-kay
19690,0.16120070818812102,0,0,crystal-rain,renier-perfumes
18282,0.76987248055931,1,1,pure-xs,paco-rabanne
4405,0.14884942820997238,0,0,decent,bybozo
23471,0.32134412428782355,0,0,love-explosion-special-edition,zara
7944,0.918614201854232,1,1,bronze-goddess-eau-fraiche-skinscent-2016,estee-lauder
167,0.7341479551905545,1,1,acqua-di-parma-blu-mediterraneo-cipresso-di-toscana,acqua-di-parma
20568,0.19323702827936254,0,0,103,scentbar
1063,0.8484865261219408,1,1,fate-man,amouage
14058,0.27265653916990834,0,0,la-rose-legere,les-parfums-de-rosine
20086,0.4904531884110243,0,1,parfum-de-la-nuit-no-3,roja-dove
17476,0.6932300534465526,1,1,lily-absolu,o-boticario
8280,0.10203926138626448,0,0,bon-bon-cherie,faberlic
11175,0.13248296490748193,0,0,nero-del-porto,in-the-box
520,0.16097813128492397,0,0,the-infidel,agonist
1713,0.5282981041260318,1,1,thank-u-next-2-0,ariana-grande
11574,0.17559307481052008,0,0,classique-collector-edition-2018,jean-paul-gaultier
14532,0.3494496579934007,0,0,roller,lush
14738,0.15069515173995082,0,0,chants-tenderina,maison-alhambra
5477,0.18647666206538965,0,0,chopard-1927-vintage-edition,chopard
10133,0.7553883002941815,1,1,habit-rouge-sport,guerlain
8670,0.4184852374742774,0,1,eau-des-vacances,fragonard
247,0.095591254881404,0,0,saints-tears-extrait-of-forgiveness,adi-ale-van
19635,0.14174960426336425,0,0,esprit-saba,reine-de-saba
8506,0.24116774747293518,0,0,popper-pop,filippo-sorcinelli
7459,0.6951235027594707,1,1,green-tea-exotic,elizabeth-arden
3181,0.3297462605362138,0,0,united-dreams-men-go-far,benetton
14962,0.4582795734361533,0,1,pink-roses,mancera
11269,0.22990218401242993,0,0,l-eau-d-issey-shades-of-kolam,issey-miyake
23493,0.19594030747881339,0,0,midsummer-collection-deep-fougere,zara
3843,0.35392183265672966,0,0,boucheron-quatre-pour-homme,boucheron
2270,0.11988105997302224,0,0,chic-in-black,avon
10349,0.30505757266696054,0,0,xi-an,guerlain
3710,0.3482829752223038,0,0,sutton-place,bond-no-9
13548,0.7404980801850184,1,1,sagamore,lancome
18374,0.2697309978205913,0,0,freesia-coton,parfums-berdoues
23578,0.2376566845240445,0,0,ruby-syrup-2021,zara
18980,0.25756402064021133,0,0,pierre-cardin-pour-femme-winter-edition,pierre-cardin
22082,0.12035521164493207,0,0,homme-by-usher,usher
17234,0.16882296122923882,0,0,harmonie,nuancielo
9861,0.4329651695969004,0,1,lumiere-rose,gres
1418,0.23635656811781958,0,0,miami-seduction-for-men,antonio-banderas
12332,0.1883323212966143,0,0,hadarah,junaid-perfumes
9406,0.6727897944142356,1,1,gardenia-antigua,giorgio-armani
1603,0.8411283453776943,1,1,new-west-for-him,aramis
23090,0.7227884727314495,1,1,l-homme-eau-de-parfum,yves-saint-laurent
4140,0.4082411764942441,0,1,burberry-brit-new-year-edition-pour-homme,burberry
5915,0.4260107417550798,0,1,epices-sultanes,comptoir-sud-pacifique
13191,0.31789394089249273,0,0,elegant,la-rive
9188,0.635638093630278,1,1,ghost-serenity,ghost
12521,0.520022024126659,1,1,couleur-kenzo-jaune-yellow,kenzo
10381,0.5567617949183188,1,1,guess-seductive-noir-homme,guess
13287,0.3099860395218826,0,0,dream-of-pink,lacoste-fragrances
15677,0.28441750788188935,0,0,black-datura,miller-harris
21961,0.39149714168971667,0,1,fresh-uomo,trussardi
21630,0.7308613224140181,1,1,laudano-nero,tiziana-terenzi
17987,0.2994542370089881,0,0,tenderly,oriflame
180,0.39883577663810976,0,1,acqua-di-parma-profumo-2008,acqua-di-parma
17821,0.2551972989606527,0,0,frey,oriflame
4667,0.26584984815981527,0,0,defy,calvin-klein
18355,0.2813011968091015,0,0,yuzu-fou,parfum-d-empire
3108,0.19703807683011357,0,0,exalte-by-funmi-monet,bella-aura
22704,0.09521625369833599,0,0,garage,wild-drops-parfums
469,0.4063594880042831,0,1,gotas-de-color,agatha-ruiz-de-la-prada
4634,0.6798059276784116,1,1,ck-one-red-edition-for-him,calvin-klein
22924,0.5086132144375934,1,1,doriane,yves-de-sistelle
259,0.21666837001534836,0,0,adidas-get-ready-for-her,adidas
4702,0.23986684828575805,0,0,eternity-for-men-summer-2014,calvin-klein
640,0.3364493533895965,0,0,affaf,al-haramain-perfumes
4391,0.19435268210367362,0,0,essence,byblos
13544,0.7436559240644368,1,1,oui-la-vie-est-belle,lancome
13437,0.18243733744643273,0,0,eau-de-lancaster,lancaster
21985,0.23367749422352901,0,0,the-street-artists-of-isola,trussardi
14942,0.7313930198941015,1,1,gold-intensive-aoud,mancera
13155,0.3266410677854516,0,0,la-perla-in-rosa-eau-de-parfum,la-perla
16863,0.39198469403101016,0,1,lost-in-a-dream,navitus-parfums
7553,0.15245763170048035,0,0,love-notes,ellen-tracy
10108,0.5217295743767875,1,1,epices-volees,guerlain
1336,0.48188999747881617,0,1,la-vie-de-boheme,anna-sui
4003,0.1703037530995995,0,0,mountain-honey-gornyj-med,brocard
6803,0.7871389887688954,1,1,tendre-poison,dior
3732,0.11190172274931319,0,0,nanatopia,borntostandout
9320,0.39748644774018826,0,1,armani-code-couture-edition,giorgio-armani
4189,0.6920995928028885,1,1,my-burberry,burberry
3707,0.2727636726007137,0,0,soho,bond-no-9
16533,0.6535193644062257,1,1,narciso-rodriguez-for-him-bleu-noir-parfum,narciso-rodriguez
18192,0.13514193592804,0,0,pacha-ibiza-sexy,pacha-ibiza
7178,0.35884522003518204,0,0,jitterbug,dsh-perfumes
1475,0.22306621332008728,0,0,fleur-de-nuit,antonio-visconti
10984,0.3069267412902436,0,0,hugo-intense,hugo-boss
3559,0.36972259085407716,0,0,centenario,bois-1920
5140,0.2552721504939323,0,0,carven-vetiver,carven
14865,0.3048475078183062,0,0,centaure,maitre-parfumeur-et-gantier
3704,0.37518774597372345,0,0,sag-harbor,bond-no-9
22789,0.266890588174409,0,0,harrods-emerald-star,xerjoff
22314,0.1790330222901586,0,0,charm,verset-parfums
8066,0.3345140460036013,0,0,relent,etro
2043,0.12988075933146306,0,0,smokey-plum,athena-fragrances
23499,0.2662280691102885,0,0,morning-sunray-in-sevilla,zara
5210,0.2940120542661437,0,0,enchanting,celine-dion
16854,0.186570427104769,0,0,eau-debonaire,navitus-parfums
4877,0.5277886860569286,1,1,212-vip-rose-extra,carolina-herrera
3265,0.2163503175602427,0,0,crystal,bi-es
6904,0.6994962188309848,1,1,devotion,dolce-gabbana
12624,0.6979670626418609,1,1,peace,kenzo
970,0.2088379555610871,0,0,carmen-7,alkemia-perfumes
17900,0.6727910354900709,1,1,mirage-daydream,oriflame
6013,0.35118817774870514,0,0,so-nude,costume-national
13073,0.34864875375848003,0,0,terre-de-lumiere-edition-or,l-occitane-en-provence
15303,0.5141240323452867,1,1,l-attesa,masque-milano
22795,0.3298041593424335,0,0,ipnotica,xerjoff
11326,0.3702814376494754,0,0,aura-for-men,jacomo
18616,0.36978257124419234,0,0,purple-ruby,pascal-morabito
21705,0.6550683393046292,1,1,costa-azzurra-acqua,tom-ford
4955,0.724050901379815,1,1,good-girl-velvet-fatale,carolina-herrera
6070,0.3238020322981685,0,0,eau-hyper-fraiche,courreges
15777,0.19385659701575042,0,0,summertime,milton-lloyd
3821,0.18610232664844992,0,0,pepe-rosa,bottega-verde
20564,0.16948385518970088,0,0,c-thru-pearl-garden,sarantis
18634,0.19105098840450413,0,0,blanc,paul-joe
21156,0.7693946783501436,1,1,silk-way,ted-lapidus
15902,0.19865999288504962,0,0,vert-empire,mizensir
10761,0.6730233697205541,1,1,prolixe,histoires-de-parfums
13302,0.6572481452081608,1,1,eau-de-lacoste-l-12-12-pour-lui-french-panache,lacoste-fragrances
5217,0.21155553659490542,0,0,simply-chic,celine-dion
21772,0.37924088491763064,0,0,venetian-bergamot,tom-ford
4306,0.7401150553803297,1,1,voile-de-jasmin,bvlgari
16868,0.1766642065923678,0,0,opulentas,navitus-parfums
20577,0.17946174749303387,0,0,vivamore,selena-gomez
29,0.5774198203501365,1,1,hard-candy,aaron-terence-hughes
7931,0.5110247440614568,1,1,brasil-dream,estee-lauder
15890,0.26207077889561825,0,0,lovely-alba,mizensir
14261,0.2758285606679827,0,0,lolita-lempicka-eau-legere-pailletee,lolita-lempicka
11153,0.2519316296477789,0,0,wild-berry-blossom,illuminum
7912,0.717708310509877,1,1,aliage,estee-lauder
14384,0.6576503306959166,1,1,attrape-reves,louis-vuitton
2790,0.43349547161733787,0,1,bright-visit,azzaro
20658,0.18403241319322602,0,0,sweet-dream,shakira
2085,0.131716854865715,0,0,blue-crystal,attar-collection
10710,0.1828813760619095,0,0,feelin-sexy-for-her,hinode
11548,0.6850179774983526,1,1,joy,jean-patou
15838,0.13672686947206794,0,0,mu,mirko-buffini-firenze
10463,0.30570724742772315,0,0,halston-night,halston
13679,0.385448823965999,0,0,ejaazi-intensive-silver,lattafa-perfumes
15201,0.15692373946343427,0,0,autograph-azure-breeze,marks-spencer
17801,0.5885123398774457,1,1,elvie,oriflame
16765,0.27872992017684556,0,0,paz-e-humor-rock-in-rio,natura
8010,0.8668990765066862,1,1,youth-dew,estee-lauder
17499,0.28001594686016335,0,0,liz-sublime,o-boticario
7889,0.3379036045085177,0,0,baume-tolu,esteban
23845,0.7095667048475076,1,1,tyrannosaurus-rex,zoologist-perfumes
23300,0.434518983645425,0,1,amber-ego,zara
14184,0.6649776610196494,1,1,aura,loewe
5706,0.3063314695621639,0,0,aromatics-in-black,clinique
6087,0.1659193850586491,0,0,florentine-freesia-flower-water,crabtree-evelyn
17863,0.29028226987299743,0,0,infinita,oriflame
12774,0.6432724436745086,1,1,vetiver-root-green-tea-cedarwood,korres
14611,0.7828383602432881,1,1,mon-parfum-cristal,m-micallef
10614,0.3813852645451735,0,0,24-faubourg-jeu-des-omnibus-et-dames-blanches,hermes
4388,0.23791572633855462,0,0,byblos-water-flower-for-women,byblos
7781,0.36570015905829767,0,0,escada-acte-2,escada
2602,0.17316440359213323,0,0,segno-visionary,avon
13118,0.589089921366286,1,1,vanille-givree-de-antilles,la-maison-de-la-vanille
11666,0.7421284246881609,1,1,le-male-superman-eau-fraiche,jean-paul-gaultier
20438,0.13231176299247224,0,0,shine-sun,samy-andraus-fragrances
1246,0.2726138481616318,0,0,femme-magique,angel-schlesser
2232,0.19622519253218715,0,0,avon-luck-limitless-for-him,avon
16041,0.635076345066251,1,1,initiation,molyneux
17329,0.1898689720325057,0,0,celebre-sua-forca,o-boticario
9022,0.5549887019880794,1,1,xocoatl,fueguia-1833
18676,0.455926902431914,0,1,bluebell,penhaligon-s
23105,0.7507677533298154,1,1,la-nuit-de-l-homme,yves-saint-laurent
10668,0.3337033109117065,0,0,terre-d-hermes-flacon-h-2021-parfum,hermes
20205,0.1836085252381789,0,0,s-oliver-for-her,s-oliver
23514,0.2878983892765614,0,0,no-2-bergamot-and-leather-spritz,zara
2252,0.691314396042698,1,1,black-suede-touch,avon
22593,0.3133966915606865,0,0,purple-fig,vilhelm-parfumerie
15779,0.23515315928487038,0,0,tutu-woman,milton-lloyd
14445,0.13168633973209273,0,0,pseudonym,lr
11564,0.30855353276636505,0,0,vacances,jean-patou
11335,0.41960808909528446,0,1,jacomo-for-men,jacomo
19165,0.701337951954329,1,1,prada-candy,prada
23630,0.2816499123306072,0,0,tobacco-sublime,zara
13483,0.5793454979208701,1,1,l-autre-oud-eau-de-parfum,lancome
9057,0.2999735899061386,0,0,cascaya,gabriela-sabatini
8441,0.6590848725988452,1,1,bright-neroli,ferrari
7653,0.18537717554211242,0,0,tendre-pallida,emmanuel-levain
5331,0.7856938750771365,1,1,coco-mademoiselle-l-extrait,chanel
1743,0.5537362585339313,1,1,club-de-nuit-woman,armaf
23689,0.17088962964169577,0,0,white-tag,zara
15837,0.1758995799492335,0,0,moxi,mirko-buffini-firenze
8773,0.33743292779175493,0,0,wild-orange,fragrance-du-bois
2617,0.5676384225588156,1,1,soie-rouge,avon
8813,0.1676331811395028,0,0,voile-confit,francesca-dell-oro
2208,0.2578070648303166,0,0,attraction-desire-for-her,avon
15724,0.27128982342126606,0,0,secret-gardenia,miller-harris
10999,0.6819243224285189,1,1,hugo-xy,hugo-boss
16463,0.4085859336939283,0,1,touch-me,nabeel
4068,0.16183881580571735,0,0,musc-perfume-oil,bruno-acampora
20053,0.3711106501048707,0,0,h-the-exclusive-black-tier,roja-dove
11262,0.43869914309878655,0,1,l-eau-d-issey-pure-eau-de-toilette,issey-miyake
19185,0.7014001794388209,1,1,prada-paradoxe-intense,prada
1201,0.19826880194549343,0,0,punk-bouquet,and-other-stories
15824,0.17252786489335117,0,0,narghile,mine-perfume-lab
14740,0.23897064290851996,0,0,dark-door-intense,maison-alhambra
19304,0.2200162728879609,0,0,fiorilu,pupa
3794,0.6267626944259772,1,1,illusione-for-her,bottega-veneta
20671,0.20016556486563167,0,0,lilacs-gooseberries,shay-blue-london
5148,0.3225053751687783,0,0,l-eau-de-toilette,carven
1595,0.25510766563653814,0,0,aramis-life-my-summer,aramis
17725,0.1530148099217019,0,0,arte-bellisimo-exotic,orientica-premium
15121,0.6587985437555353,1,1,honey,marc-jacobs
8908,0.19285795370378048,0,0,isle-of-man,frapin
21664,0.4923477058914261,0,1,xix-march,tiziana-terenzi
5512,0.49538765888250585,0,1,wish-magical-nights,chopard
1510,0.5871976960544445,1,1,pink-sugar-red-velvet,aquolina
6775,0.5144566048532107,1,1,miss-dior-rose-n-roses-roller-pearl,dior
16435,0.23549586639989314,0,0,alada,myrurgia
11945,0.187761196301806,0,0,tempting-rose,jimmy-choo
16966,0.2937889214233438,0,0,nicolai-pour-homme,nicolai-parfumeur-createur
19314,0.24418991629970951,0,0,a-flor-mais-rosa-do-meu-jardim,quem-disse-berenice
15652,0.220799188911921,0,0,sexual-paris-tendre-pour-homme,michel-germain
17979,0.3611177405237804,0,0,soul,oriflame
15487,0.2441738856214964,0,0,mercedes-benz-for-her-pop-edition,mercedes-benz
4479,0.2590359356142976,0,0,green-butterfly,byron-parfums
2505,0.2670806049263546,0,0,our-story-for-her,avon
6550,0.25298823027542083,0,0,loverdose-l-eau-de-toilette,diesel
22743,0.7454478077736191,1,1,alexandria-orientale,xerjoff
11520,0.2030895111464198,0,0,fleurs-d-ombre-violette-menthe,jean-charles-brosseau
9651,0.47779086395659703,0,1,my-givenchy,givenchy
21049,0.1888793468113708,0,0,musk-malaki,swiss-arabian
9585,0.46301366371282654,0,1,givenchy-naturally-chic,givenchy
17516,0.6216339055582867,1,1,make-b-urban-ballet,o-boticario
1122,0.7704790529600399,1,1,sunshine-woman,amouage
8483,0.19089052466924558,0,0,saudade-amazonia,fiilit
12981,0.26952565295739156,0,0,cerisier-papillon,l-occitane-en-provence
16434,0.0893667011440474,0,0,mustang-sport,mustang
4630,0.3752580793408442,0,0,ck-one-electric,calvin-klein
21302,0.6439651934594699,1,1,moroccan-rose,the-body-shop
13751,0.6539038210182812,1,1,qaa-ed,lattafa-perfumes
3702,0.37702519449784533,0,0,perfumista-avenue,bond-no-9
4397,0.36693610263768145,0,0,miss-byblos,byblos
696,0.15337222054351424,0,0,l-aventure-rose,al-haramain-perfumes
6024,0.3663193765256344,0,0,complice,coty
9264,0.23582408737503652,0,0,nero-nepal,giardino-benessere
6481,0.08525018491690424,0,0,fragrance-05-spring,dedcool
11251,0.528080301166914,1,1,l-eau-d-issey-pour-homme-summer-2013,issey-miyake
5070,0.594447437689058,1,1,terra-mia,carthusia
19058,0.2636581886023468,0,0,queen-of-the-game,playboy
367,0.2111839836190751,0,0,poivre-noir-jasmin,adopt-parfums
9349,0.838450782311732,1,1,armani-eau-pour-homme,giorgio-armani
150,0.1833952344266246,0,0,patchouli-essentiel,acorelle
2342,0.4262445780346946,0,1,far-away-gold,avon
5800,0.4116976771886283,0,1,coach-signature-rose-d-or,coach
18273,0.4098670128848404,0,1,paco-energy,paco-rabanne
11018,0.18312800960264625,0,0,frangipane-e-cocco,i-profumi-di-firenze
8454,0.34717813222127836,0,0,ferrari-yellow,ferrari
22917,0.224227436855081,0,0,lale,ys-uzac
10665,0.17239164586955785,0,0,terre-d-hermes-flacon-h-2019-eau-de-toilette,hermes
11693,0.37340135041140493,0,0,amore-mio-i-love-you,jeanne-arthes
5888,0.19327495897094826,0,0,aguas-de-verao-cavalheiros,companhia-da-terra
1818,0.4378077273785155,0,1,signature-night,armaf
12777,0.1877831767043688,0,0,white-tea,korres
4149,0.6924188049643135,1,1,burberry-her,burberry
6909,0.7669256933277595,1,1,dolce-gabbana-pour-femme,dolce-gabbana
14160,0.4174439927622236,0,1,realities-for-men,liz-claiborne
19311,0.26316553047249486,0,0,yes-gold,pupa
4093,0.6610186956728554,1,1,pure-woman,bruno-banani
22371,0.2721096243390412,0,0,bombshell-holiday-eau-de-parfum,victoria-s-secret
9517,0.7607053379838556,1,1,ange-ou-demon-le-parfum-accord-illicite,givenchy
6466,0.07567762049260993,0,0,midnight-whisper,day-three
19667,0.29372930312076,0,0,sea-rem,reminiscence
19656,0.21646930705204312,0,0,oud-glacial,reminiscence
5982,0.19546507554593356,0,0,tudor,coquillete
15218,0.15796581853831365,0,0,sensuale,marks-spencer
6759,0.7560064178131654,1,1,miss-dior-cherie-l-eau,dior
15361,0.15936112835968622,0,0,my-twist,mauboussin
11487,0.3447641744853139,0,0,zeste-de-gingembre,james-heeley
13714,0.6378115193992754,1,1,maahir-legacy,lattafa-perfumes
2937,0.16630261342628352,0,0,neroli-lumiere,bastide-aix-en-provence
2751,0.12022417345957166,0,0,majnoon,azman
8149,0.2389269340109948,0,0,niina-secrets,eudora
8883,0.5196402451487905,1,1,oud-vanille,franck-olivier
10329,0.4672706786668558,0,1,shalimar-talisman-byzantin,guerlain
22105,0.6904111708039871,1,1,lucrethia,v-canto
20400,0.4753971368687605,0,1,signorina-in-fiore,salvatore-ferragamo
9197,0.2078804895949577,0,0,whitelight,ghost
3268,0.11944860061426352,0,0,fabio-verso-entusiasmo,bi-es
6603,0.21484140571061375,0,0,kaorishiro,dilis-parfum
2229,0.2850143424240132,0,0,avon-luck-for-him,avon
5474,0.774919139789117,1,1,casmir,chopard
20250,0.3919066949074105,0,1,s-t-dupont-intense-pour-homme,s-t-dupont
12687,0.19988509299065374,0,0,opal-drip,kkw-fragrance
14526,0.34937136746749253,0,0,hairdresser-s-husband,lush
3745,0.22183938786266055,0,0,chypre-du-nord,bortnikoff
1632,0.336847764893567,0,0,oud-romancea,ard-al-zaafaran
3501,0.18900173432022485,0,0,the-exclusives-intuitive,boadicea-the-victorious
22216,0.5223098340051402,1,1,un-air-de-first,van-cleef-arpels
21399,0.6971205758354221,1,1,dates-delight,the-house-of-oud
15559,0.2679559568159619,0,0,xx-by-mexx-lovesome,mexx
10242,0.44007297147605895,0,1,mahora-extrait-de-parfum,guerlain
15554,0.2791769619354261,0,0,mexx-woman-summer-edition,mexx
17968,0.19797464528670725,0,0,signature-for-her-parfum,oriflame
15808,0.4768004806533862,0,1,french-defense,mind-games
15495,0.2698956888122981,0,0,mercedes-benz-man-intense,mercedes-benz
9958,0.6595897578905361,1,1,gucci-by-gucci-pour-homme,gucci
5995,0.08385791463231657,0,0,moon-light,cosmogony
12188,0.18509874130477524,0,0,intense-oud,jovan
19067,0.09931079799995263,0,0,gentle-iris,pokrovka-trading-house
3256,0.13428034108055872,0,0,rise-sheer,beyonce
9676,0.4499246047323619,0,1,play-in-the-city-for-him,givenchy
8132,0.218894100538743,0,0,kiss-me-lovely,eudora
13681,0.2680044445870477,0,0,emaan,lattafa-perfumes
9240,0.07470709112937611,0,0,bianco-oro,giardini-di-toscana
13458,0.4534105565333012,0,1,balafre-brun,lancome
15079,0.379021678312478,0,0,daisy-eau-so-fresh,marc-jacobs
3230,0.14630719099836842,0,0,sheer-delight,betty-barclay
21185,0.6611397454983993,1,1,delectation-splendide,terry-de-gunzburg
14070,0.37214389927906916,0,0,rose-d-amour-2006,les-parfums-de-rosine
1398,0.1456482481764433,0,0,blue-seduction-wave-for-men,antonio-banderas
8544,0.10919487832228764,0,0,l-impression,flavia
3922,0.17766766865012337,0,0,subtile,brecourt
11573,0.46691247226161264,0,1,classique-charm-edition,jean-paul-gaultier
18586,0.2574441456190402,0,0,passport-tokyo,paris-hilton
5548,0.30282040859112547,0,0,c-est-la-fete,christian-lacroix
11622,0.759808773742969,1,1,kokorico,jean-paul-gaultier
9545,0.6816717580569672,1,1,eaudemoiselle-de-givenchy,givenchy
14438,0.21289489635428224,0,0,lovingly-by-bruce-willis,lr
14943,0.6005499696040735,1,1,gold-prestigium,mancera
21061,0.4198483526282169,0,1,pure-instinct,swiss-arabian
2476,0.6854678114811719,1,1,mesmerize-for-women,avon
11079,0.40759080232738415,0,1,le-temps-de-reines,id-parfums
15967,0.3652159634300178,0,0,rose-emois,molinard
5186,0.14262037904282734,0,0,orchid-eau-de-parfum,caswell-massey
1045,0.7933586149927474,1,1,beloved-man,amouage
3362,0.18198276702890376,0,0,mazyon,blend-oud
2214,0.3517525498816382,0,0,attraction-one-intense,avon
1889,0.1597293079822092,0,0,misfit,arquiste
12025,0.6640956163797457,1,1,red-roses,jo-malone-london
1339,0.27179157877047677,0,0,mellow-yellow,anna-sui
15853,0.10531860157809257,0,0,crystal-flower,mith
22948,0.7196130754096637,1,1,comme-une-evidence-homme,yves-rocher
20298,0.23195817130969454,0,0,fabulous-marudhai,salvador-dali
21483,0.24427973458812488,0,0,dark-forest,the-woods-collection
13972,0.28258473042894766,0,0,chai-epice,le-monde-gourmand
15211,0.22077236782751025,0,0,isis,marks-spencer
6892,0.5804657500016585,1,1,by,dolce-gabbana
8451,0.4413871499416221,0,1,ferrari-red-power-intense,ferrari
8629,0.5417449358187642,1,1,charlatan,fort-manle
315,0.25199365546611,0,0,alegria-hombre,adolfo-dominguez
3668,0.41073888722217966,0,1,i-love-new-york-earth-day,bond-no-9
12073,0.23505061259920293,0,0,wild-bluebell-2020,jo-malone-london
10620,0.9033854518962787,1,1,caleche,hermes
13242,0.3109291251271029,0,0,solare,la-rive
208,0.4086404659053544,0,1,magnolia-nobile-special-edition,acqua-di-parma
9502,0.36708914559071537,0,0,ambassador-intense,gisada
23388,0.3124035535573684,0,0,fabulous-sweet,zara
6202,0.2610074015410071,0,0,cuba-cactus,cuba-paris
20524,0.20315851766867474,0,0,lovely-lights,sarah-jessica-parker
8318,0.21173576013023862,0,0,intemporel,faberlic
18280,0.485338917310508,0,1,phantom-legion,paco-rabanne
23286,0.2716961039038267,0,0,9-0-zara,zara
1456,0.15589875656642163,0,0,agua-de-luna,antonio-puig
17646,0.16270207041717408,0,0,op-juice,ocean-pacific
7917,0.6894106803681228,1,1,bali-dream,estee-lauder
13911,0.3866037463860946,0,0,unique-russia,laurent-mazzone-parfums
4591,0.18672618132013466,0,0,tepidarium,cale-fragranze-d-autore
18637,0.17757157879303404,0,0,optimistic-for-her,paul-smith
13090,0.25697883843095215,0,0,verveine-agrumes-2022,l-occitane-en-provence
17244,0.15685112124806144,0,0,magna,nuancielo
9147,0.3155255916693363,0,0,dream,gap
15959,0.392299026101737,0,1,nirmala-limited-edition,molinard
3341,0.1859479743826931,0,0,soir-ensoleille,bissoumine
3769,0.18435480447878566,0,0,symphonie-de-neroli,bortnikoff
19407,0.1751154910656292,0,0,benzin,rammstein
3473,0.21197049166860496,0,0,legend,boadicea-the-victorious
8765,0.7303168595674407,1,1,santal-complet,fragrance-du-bois
14491,0.22212053319966885,0,0,solo-rosa,luciano-soprani
21519,0.18052838534332408,0,0,doha,thera-cosmeticos
23678,0.28479057886622217,0,0,vibrant-wood,zara
6438,0.1504355321979597,0,0,davidoff-cool-water-women-ice-fresh,davidoff
22429,0.337554301647629,0,0,pink-vacay,victoria-s-secret
9423,0.7332210384636209,1,1,my-way-nectar,giorgio-armani
17784,0.7906671718470598,1,1,eclat,oriflame
17222,0.18238105490321352,0,0,caribbean,nuancielo
4447,0.6363072795282415,1,1,mixed-emotions,byredo
21473,0.21845682391311907,0,0,haibah,the-spirit-of-dubai
20398,0.47704799899153005,0,1,signorina-eleganza,salvatore-ferragamo
15518,0.6472911471033845,1,1,fly-high-woman,mexx
21183,0.18886485391465033,0,0,be-mine,terry-de-gunzburg
18865,0.22920000587932957,0,0,baunilha,phebo
20992,0.15411719432485485,0,0,swarovski-edition-2014,swarovski
4194,0.3459443065314749,0,0,my-burberry-eau-de-toilette,burberry
7216,0.2047679062802042,0,0,alianse,dzintars
22278,0.7054983035839058,1,1,the-dreamer,versace
19841,0.6954142402958019,1,1,just-cavalli-gold-for-her,roberto-cavalli
15532,0.19181708059016894,0,0,mexx-city-breeze-for-him,mexx
9229,0.2923883233562459,0,0,gianmarco-venturi-women,gianmarco-venturi
8807,0.2842974962004865,0,0,rubia-sucree,francesca-dell-oro
250,0.11268012615878341,0,0,urma-vie-extrait-de-ceaslov,adi-ale-van
11784,0.38865345046742517,0,0,sultane-white-pearl,jeanne-arthes
2898,0.6363979669838628,1,1,78-vintage-green,banana-republic
283,0.237370461449892,0,0,born-original-for-him,adidas
11924,0.20129191026252718,0,0,jimmy-choo-blossom-special-edition-2022,jimmy-choo
7700,0.15178111569579164,0,0,deeply-yours-for-him,enrique-iglesias
16536,0.76274362256777,1,1,narciso-rouge,narciso-rodriguez
18808,0.7194428856775195,1,1,3600-red-for-men,perry-ellis
963,0.28080855831730633,0,0,istanbul-s-soul,alghabra-parfums
2622,0.6585451155648022,1,1,spotlight,avon
984,0.10803139608204484,0,0,agua-de-colonia-concentrada-eau-fraiche,alvarez-gomez
4863,0.6397328770350185,1,1,212-vip-black,carolina-herrera
20771,0.16655536931188833,0,0,peach-fields,skylar
17757,0.3027852095863558,0,0,bahia-sunset,oriflame
16494,0.21860738981028974,0,0,private,naomi-campbell
6888,0.17065483580297966,0,0,kashmir-nuit,dixit-zak
1052,0.867124052239548,1,1,ciel-pour-homme,amouage
13987,0.16364933560050554,0,0,the-matcha,le-monde-gourmand
13278,0.17121089869034045,0,0,tiglio-mirabilis,laboratorio-olfattivo
6151,0.7680061718110671,1,1,love-in-white,creed
18128,0.5171104254042533,1,1,bella-blanca,oscar-de-la-renta
16941,0.40349634335022144,0,1,cococabana,nicolai-parfumeur-createur
8925,0.3164393116420427,0,0,hollywood,fred-hayman
13938,0.2817389576754529,0,0,bourrasque-2020,le-galion
12032,0.2372986988091769,0,0,rock-the-ages-tudor-rose-amber,jo-malone-london
6068,0.25889290301135864,0,0,courreges-in-blue-eau-de-toilette,courreges
17181,0.40189840211150824,0,1,acqua-nobile,nobile-1942
22676,0.18417018372868008,0,0,secret-amber-eau-de-toilette,welton-london
4031,0.20138334262608046,0,0,star-flower,brocard
16168,0.7601767368621125,1,1,so-amber,montale
12761,0.17128854057965742,0,0,pure-cotton,korres
8337,0.19125927280045282,0,0,orangerie-mimosa,faberlic
4269,0.38387276424279015,0,0,le-gemme-empyr,bvlgari
16003,0.21993760135853288,0,0,iunu,molton-brown
8944,0.7295665189143351,1,1,portrait-of-a-lady,frederic-malle
428,0.2926551319770137,0,0,rare-carbon,afnan
17648,0.08260660841486865,0,0,florissantia,odoratika
10906,0.41966688556331216,0,1,boss-bottled-elixir,hugo-boss
11985,0.23280030683840655,0,0,gardenia-oud-absolu,jo-malone-london
6095,0.32779399744448023,0,0,nadira,crabtree-evelyn
16704,0.4386110049883461,0,1,k,natura
20175,0.31652663141965487,0,0,my-oud,royal-crown
9006,0.12361222253449031,0,0,mbucuruya,fueguia-1833
17230,0.12731028914194498,0,0,fjord,nuancielo
4894,0.5953449614799984,1,1,bad-boy-le-parfum,carolina-herrera
3184,0.3021537312361745,0,0,united-dreams-open-your-mind,benetton
22344,0.24714730089610068,0,0,oriental-rose,vertus
16050,0.14705701277607736,0,0,quartz-rose,molyneux
15914,0.505301613163003,1,1,cher-wood,molinard
16200,0.4316658856840986,0,1,emblem-absolu,montblanc
4097,0.1669510406093896,0,0,alias,bruno-perrucci-parfums
23627,0.5673150052834804,1,1,tobacco-collection-rich-warm-addictive-2018,zara
20285,0.713732638711231,1,1,dalimix,salvador-dali
15854,0.07328603501144837,0,0,horizon,mith
18665,0.39752702057785205,0,1,agarbathi,penhaligon-s
20594,0.5898009417095942,1,1,sarrasins,serge-lutens
14326,0.27898441802765345,0,0,narcotix-citrus,lorenzo-pazzaglia
21066,0.3151150205515917,0,0,roohi-fedak,swiss-arabian
5128,0.6875323575924688,1,1,roadster-sport,cartier
19770,0.19289621755176362,0,0,no-04-violet-white-lily,rituals
4579,0.1255579954070505,0,0,transilvania,calaj
9059,0.21898250323253748,0,0,devotion,gabriela-sabatini
18266,0.6414030032159199,1,1,olympea-blossom,paco-rabanne
20261,0.48334525909416765,0,1,vanilla-leather,s-t-dupont
18610,0.4316938859523213,0,1,perle-pour-elle,pascal-morabito
6624,0.7103261355954669,1,1,dior-addict-2-eau-fraiche,dior
6735,0.5952944431924705,1,1,les-creations-de-monsieur-dior-diorissimo-extrait-de-parfum,dior
15544,0.2819228697289939,0,0,mexx-pure-life-man,mexx
23120,0.7131208914987746,1,1,libre-le-parfum,yves-saint-laurent
8477,0.1730449226153605,0,0,ice-boreale,fiilit
22332,0.3457069004362648,0,0,1001,vertus
14517,0.5319598808950778,1,1,luluforever,lulu-castagnette
17192,0.3759923609627363,0,0,ii-praline,nobile-1942
14474,0.25621056174386136,0,0,magda,lubin
11791,0.16006827774415586,0,0,a-l-ombre-des-amandiers,jeanne-en-provence
21864,0.1764348081108156,0,0,amir,tonatto-profumi
23186,0.4299229569980748,0,1,parisienne-l-essentiel,yves-saint-laurent
14676,0.22591950645734754,0,0,angico-branco,mahogany
13220,0.161832411358255,0,0,lr-password,la-rive
2346,0.5096244005833235,1,1,far-away-royale,avon
20795,0.11799716975257626,0,0,so-superstar,so
7752,0.2312404454829724,0,0,roman-wood,ermenegildo-zegna
8072,0.702941756103898,1,1,vetiver,etro
18729,0.605682245180868,1,1,racquets-formula,penhaligon-s
4563,0.15817018012204975,0,0,cafe-intenso,cafe-parfums
19105,0.2247967579724353,0,0,to-be-bad-guy,police
12423,0.7047086857610164,1,1,photo,karl-lagerfeld
23238,0.6327224057915063,1,1,this-is-love-for-her,zadig-voltaire
22811,0.26714927452042236,0,0,levar-del-sole,xerjoff
14930,0.7736742800855925,1,1,choco-violet,mancera
21217,0.6648491474790692,1,1,vaniglia-e-zenzero-del-madagascar,tesori-d-oriente
16219,0.6485513575823522,1,1,legend-pour-femme,montblanc
9026,0.16047991967317327,0,0,cash-flower,fugazzi
16596,0.4051724025680499,0,1,essencial-ato,natura
13786,0.34194944448966147,0,0,sutoor,lattafa-perfumes
13328,0.3597478685677025,0,0,lacoste-essential-collector-edition,lacoste-fragrances
7800,0.42253994675085144,0,1,escada-sexy-graffiti-2011,escada
5437,0.5083314481038781,1,1,chloe-lisy,chloe
19525,0.7020682591348363,1,1,dhanal-oudh-nashwah,rasasi
18562,0.14454677843594552,0,0,vodka-night,paris-elysees
20884,0.7372680190011869,1,1,ouverture,sospiro-perfumes
8294,0.16085594799577238,0,0,collection-privee-brise-d-amour,faberlic
10501,0.5705799971767123,1,1,harajuku-lovers-music,harajuku-lovers
8361,0.06287944819698928,0,0,valkyrie,faberlic
3142,0.5709300776615863,1,1,colors-de-benetton-man-blue,benetton
9995,0.757157170488335,1,1,gucci-premiere,gucci
10023,0.5868694609401625,1,1,aqua-allegoria-flora-nerolia,guerlain
1108,0.8263277056382671,1,1,overture-man,amouage
2111,0.647999497243759,1,1,histoire-d-amour,aubusson
4903,0.7339285046855167,1,1,ch,carolina-herrera
8764,0.7296763837026409,1,1,sahraa,fragrance-du-bois
8796,0.6120301550917872,1,1,unspoken-musk,francesca-bianchi
15542,0.2467644827630377,0,0,mexx-pure-for-her,mexx
5787,0.42608009112808,0,1,coach-for-men,coach
12854,0.25971794092291667,0,0,soleil-de-provence,l-artisan-parfumeur
18871,0.3805754226788369,0,0,bronze-intenso,phebo
12184,0.2928883973597634,0,0,fever,jovan
23802,0.19380063532567318,0,0,stallion,zimaya
911,0.5085164578385558,1,1,blend-30,alfred-dunhill
9409,0.7640268278514741,1,1,idole-d-armani-eau-de-toilette,giorgio-armani
5090,0.7854797519611174,1,1,delices,cartier
15755,0.15820825194499272,0,0,colour-me-sky-blue,milton-lloyd
2201,0.3085381227354494,0,0,aspire,avon
13337,0.8046389281235146,1,1,lacoste-pour-homme,lacoste-fragrances
20350,0.6765917348493716,1,1,emozione,salvatore-ferragamo
15932,0.25530525632756934,0,0,iles-d-or,molinard
5550,0.3720812156989138,0,0,christian-lacroix,christian-lacroix
8144,0.3082998295273664,0,0,lyra,eudora
17198,0.7088896100516142,1,1,la-danza-delle-libellule,nobile-1942
16525,0.4117405734440505,0,1,narciso-rodriguez-for-her-hair-mist,narciso-rodriguez
9829,0.6392462518004379,1,1,cabochard-eau-de-toilette-2019,gres
16231,0.5810735917677383,1,1,signature-absolue,montblanc
8100,0.3037310485158907,0,0,diva-esplendida,eudora
20236,0.20215795272606268,0,0,parfum-officiel-du-paris-saint-germain,s-t-dupont
22254,0.6818670731191918,1,1,bright-crystal-absolu,versace
13133,0.7172624179605319,1,1,charme,la-perla
22963,0.8005002319275546,1,1,flowerparty-by-night,yves-rocher
10664,0.34670259937394377,0,0,terre-d-hermes-flacon-h-2016-parfum,hermes
2308,0.2535160235818234,0,0,eternal-magic-enchanted,avon
5804,0.633675510590944,1,1,coach-wild-rose,coach
13758,0.3949834965004252,0,1,ra-ed-luxe,lattafa-perfumes
